{
	"start":	{
		"connected":	[{
				"socket":	5,
				"local_host":	"10.25.32.237",
				"local_port":	51864,
				"remote_host":	"10.25.32.163",
				"remote_port":	5201
			}],
		"version":	"iperf 3.5",
		"system_info":	"Linux stbl-compute-node-2.novalocal 4.18.0-348.2.1.el8_5.x86_64 #1 SMP Tue Nov 16 14:42:35 UTC 2021 x86_64",
		"timestamp":	{
			"time":	"Sun, 04 Sep 2022 17:07:27 GMT",
			"timesecs":	1662311247
		},
		"connecting_to":	{
			"host":	"10.25.32.163",
			"port":	5201
		},
		"cookie":	"zzn6d7i5oh5qt3wqd4nfmdf3bw2ry6xuxj3v",
		"tcp_mss_default":	1448,
		"sock_bufsize":	0,
		"sndbuf_actual":	16384,
		"rcvbuf_actual":	87380,
		"test_start":	{
			"protocol":	"TCP",
			"num_streams":	1,
			"blksize":	131072,
			"omit":	0,
			"duration":	10,
			"bytes":	0,
			"blocks":	0,
			"reverse":	0,
			"tos":	0
		}
	},
	"intervals":	[{
			"streams":	[{
					"socket":	5,
					"start":	0,
					"end":	1.00006103515625,
					"seconds":	1.00006103515625,
					"bytes":	1119047344,
					"bits_per_second":	8951832375.5122375,
					"retransmits":	0,
					"snd_cwnd":	957128,
					"rtt":	313,
					"rttvar":	24,
					"pmtu":	1500,
					"omitted":	false
				}],
			"sum":	{
				"start":	0,
				"end":	1.00006103515625,
				"seconds":	1.00006103515625,
				"bytes":	1119047344,
				"bits_per_second":	8951832375.5122375,
				"retransmits":	0,
				"omitted":	false
			}
		}, {
			"streams":	[{
					"socket":	5,
					"start":	1.00006103515625,
					"end":	2.0000591278076172,
					"seconds":	0.99999809265136719,
					"bytes":	1177026560,
					"bits_per_second":	9416230440.034256,
					"retransmits":	0,
					"snd_cwnd":	957128,
					"rtt":	299,
					"rttvar":	21,
					"pmtu":	1500,
					"omitted":	false
				}],
			"sum":	{
				"start":	1.00006103515625,
				"end":	2.0000591278076172,
				"seconds":	0.99999809265136719,
				"bytes":	1177026560,
				"bits_per_second":	9416230440.034256,
				"retransmits":	0,
				"omitted":	false
			}
		}, {
			"streams":	[{
					"socket":	5,
					"start":	2.0000591278076172,
					"end":	3.0000691413879395,
					"seconds":	1.0000100135803223,
					"bytes":	1177026560,
					"bits_per_second":	9416118190.9441719,
					"retransmits":	0,
					"snd_cwnd":	957128,
					"rtt":	299,
					"rttvar":	16,
					"pmtu":	1500,
					"omitted":	false
				}],
			"sum":	{
				"start":	2.0000591278076172,
				"end":	3.0000691413879395,
				"seconds":	1.0000100135803223,
				"bytes":	1177026560,
				"bits_per_second":	9416118190.9441719,
				"retransmits":	0,
				"omitted":	false
			}
		}, {
			"streams":	[{
					"socket":	5,
					"start":	3.0000691413879395,
					"end":	4.0000581741333008,
					"seconds":	0.99998903274536133,
					"bytes":	1175715840,
					"bits_per_second":	9405829876.13134,
					"retransmits":	0,
					"snd_cwnd":	957128,
					"rtt":	337,
					"rttvar":	23,
					"pmtu":	1500,
					"omitted":	false
				}],
			"sum":	{
				"start":	3.0000691413879395,
				"end":	4.0000581741333008,
				"seconds":	0.99998903274536133,
				"bytes":	1175715840,
				"bits_per_second":	9405829876.13134,
				"retransmits":	0,
				"omitted":	false
			}
		}, {
			"streams":	[{
					"socket":	5,
					"start":	4.0000581741333008,
					"end":	5.0000569820404053,
					"seconds":	0.99999880790710449,
					"bytes":	1177026560,
					"bits_per_second":	9416223705.013382,
					"retransmits":	0,
					"snd_cwnd":	957128,
					"rtt":	306,
					"rttvar":	23,
					"pmtu":	1500,
					"omitted":	false
				}],
			"sum":	{
				"start":	4.0000581741333008,
				"end":	5.0000569820404053,
				"seconds":	0.99999880790710449,
				"bytes":	1177026560,
				"bits_per_second":	9416223705.013382,
				"retransmits":	0,
				"omitted":	false
			}
		}, {
			"streams":	[{
					"socket":	5,
					"start":	5.0000569820404053,
					"end":	6.0000560283660889,
					"seconds":	0.99999904632568359,
					"bytes":	1177026560,
					"bits_per_second":	9416221460.008564,
					"retransmits":	0,
					"snd_cwnd":	957128,
					"rtt":	299,
					"rttvar":	19,
					"pmtu":	1500,
					"omitted":	false
				}],
			"sum":	{
				"start":	5.0000569820404053,
				"end":	6.0000560283660889,
				"seconds":	0.99999904632568359,
				"bytes":	1177026560,
				"bits_per_second":	9416221460.008564,
				"retransmits":	0,
				"omitted":	false
			}
		}, {
			"streams":	[{
					"socket":	5,
					"start":	6.0000560283660889,
					"end":	7.0000581741333008,
					"seconds":	1.0000021457672119,
					"bytes":	1175715840,
					"bits_per_second":	9405706537.5433064,
					"retransmits":	0,
					"snd_cwnd":	957128,
					"rtt":	294,
					"rttvar":	23,
					"pmtu":	1500,
					"omitted":	false
				}],
			"sum":	{
				"start":	6.0000560283660889,
				"end":	7.0000581741333008,
				"seconds":	1.0000021457672119,
				"bytes":	1175715840,
				"bits_per_second":	9405706537.5433064,
				"retransmits":	0,
				"omitted":	false
			}
		}, {
			"streams":	[{
					"socket":	5,
					"start":	7.0000581741333008,
					"end":	8.0000569820404053,
					"seconds":	0.99999880790710449,
					"bytes":	1177026560,
					"bits_per_second":	9416223705.013382,
					"retransmits":	0,
					"snd_cwnd":	957128,
					"rtt":	299,
					"rttvar":	20,
					"pmtu":	1500,
					"omitted":	false
				}],
			"sum":	{
				"start":	7.0000581741333008,
				"end":	8.0000569820404053,
				"seconds":	0.99999880790710449,
				"bytes":	1177026560,
				"bits_per_second":	9416223705.013382,
				"retransmits":	0,
				"omitted":	false
			}
		}, {
			"streams":	[{
					"socket":	5,
					"start":	8.0000569820404053,
					"end":	9.0000560283660889,
					"seconds":	0.99999904632568359,
					"bytes":	1175715840,
					"bits_per_second":	9405735690.0085545,
					"retransmits":	0,
					"snd_cwnd":	957128,
					"rtt":	315,
					"rttvar":	21,
					"pmtu":	1500,
					"omitted":	false
				}],
			"sum":	{
				"start":	8.0000569820404053,
				"end":	9.0000560283660889,
				"seconds":	0.99999904632568359,
				"bytes":	1175715840,
				"bits_per_second":	9405735690.0085545,
				"retransmits":	0,
				"omitted":	false
			}
		}, {
			"streams":	[{
					"socket":	5,
					"start":	9.0000560283660889,
					"end":	10.000064134597778,
					"seconds":	1.0000081062316895,
					"bytes":	1177026560,
					"bits_per_second":	9416136150.6187439,
					"retransmits":	0,
					"snd_cwnd":	957128,
					"rtt":	304,
					"rttvar":	24,
					"pmtu":	1500,
					"omitted":	false
				}],
			"sum":	{
				"start":	9.0000560283660889,
				"end":	10.000064134597778,
				"seconds":	1.0000081062316895,
				"bytes":	1177026560,
				"bits_per_second":	9416136150.6187439,
				"retransmits":	0,
				"omitted":	false
			}
		}],
	"end":	{
		"streams":	[{
				"sender":	{
					"socket":	5,
					"start":	0,
					"end":	10.000064134597778,
					"seconds":	10.000064134597778,
					"bytes":	11708354224,
					"bits_per_second":	9366623306.7381687,
					"retransmits":	0,
					"max_snd_cwnd":	957128,
					"max_rtt":	337,
					"min_rtt":	294,
					"mean_rtt":	306
				},
				"receiver":	{
					"socket":	5,
					"start":	0,
					"end":	10.039615869522095,
					"seconds":	10.000064134597778,
					"bytes":	11705265656,
					"bits_per_second":	9327261766.2868366
				}
			}],
		"sum_sent":	{
			"start":	0,
			"end":	10.000064134597778,
			"seconds":	10.000064134597778,
			"bytes":	11708354224,
			"bits_per_second":	9366623306.7381687,
			"retransmits":	0
		},
		"sum_received":	{
			"start":	0,
			"end":	10.039615869522095,
			"seconds":	10.039615869522095,
			"bytes":	11705265656,
			"bits_per_second":	9327261766.2868366
		},
		"cpu_utilization_percent":	{
			"host_total":	18.587277478476921,
			"host_user":	1.0689424905904732,
			"host_system":	17.51831514912007,
			"remote_total":	10.164766613484529,
			"remote_user":	1.0795594209253954,
			"remote_system":	9.0852071925591336
		},
		"sender_tcp_congestion":	"cubic",
		"receiver_tcp_congestion":	"cubic"
	}
}
